date,n_headlines,summary
2023-01-12,4,"**Settlement Recovery Positive:** York Water Co. (YORW) has settled a rate case with the Pennsylvania Public Utility Commission, recovering approximately $176 million. This settlement is highly **bullish**, providing a significant financial boost to the company’s cash flow and earnings.

**Direction:** Bullish  
**Evidence:** Settlement recovery of $176 million."
2023-01-18,8,"**Dividends:** Bullish. York Water increased its quarterly dividend to $0.62 from $0.19.

**Analyst Ratings:** Bullish. TheStreet upgraded York Water.

**Revenue:** Bullish. QTR revenue was $15.81M vs. estimates of $15.00M.

**Ownership Changes:** Mixed. Allspring Global Investments and Srs Capital Advisors increased holdings significantly, while Strs Ohio sold shares. Net tilt slightly bullish due to large increases from major investors.

**Stock Price:** Neutral. Opened at $46.63."
2023-01-20,7,"**Ownership Increases:** Multiple institutional investors increased their stakes in YORW: Zimmer Partners LP (+1,571.2%), State Street Corp (+9.3%), Renaissance Technologies LLC (+16.8%), Northern Trust Corp (+11.3%), and Eaton Vance Management acquired a new stake. Ellevest Inc. also acquired shares. **Bullish** on investor confidence.

**Earnings Release:** YORW released quarterly earnings on Nov 3rd but no specific details provided in headline. **Neutral** until further details emerge."
2023-02-02,6,"**Acquisition & Ownership Increases:** Bullish. Kestra Advisory Services LLC purchased YORW, indicating confidence. Zimmer Partners LP increased holdings by 1,571.2%, and Penn Capital Management Company LLC increased holdings by 652.0%.

**Revenue Beat:** Bullish. Q4 revenue was $15.81M vs. analyst expectations of $15.00M.

**Earnings Update:** Neutral. Earnings were last reported on Nov 3rd, no new data provided.

**Net Tilt:** Bullish. Multiple large ownership increases and a significant revenue beat support a positive outlook."
2023-02-09,4,"**Ownership Increases:** Allspring Global Investments Holdings LLC increased holdings by 203,500%, and Quantbot Technologies LP increased holdings by 333% (Bullish).

**Stake Acquisition:** Virtu Financial bought 5,479 shares (Bullish).

**Price Movement:** YORW traded down 2.7% (Bearish).

**Net Tilt:** Mixed signals with significant ownership increases offset by recent price decline."
2023-02-13,2,"York Water (YORW) declared a dividend of $0.20, neutral for trading but positive for long-term investors seeking income. Revenue came in at $62MM, neutral as no comparison or guidance was provided. No analyst upgrades/downgrades or earnings surprises were reported. Absent other catalysts like product launches or significant legal actions, the net signal remains neutral. Hold recommendation for the next session."
2023-02-14,7,"**Ownership Increases:** Allspring Global Investments, Quantbot Technologies, Ellevest Inc., Zimmer Partners, and State Board of Administration of Florida Retirement System significantly increased their stakes in YORW. Allspring grew its stake by 203,500%, Quantbot by 333%, Ellevest by 772.2%, Zimmer by 1,571.2%, and Florida Retirement System purchased new shares. **Direction:** Bullish. Institutional buying indicates confidence in YORW’s future performance.

**Stock Price:** Opened at $44.28. **Direction:** Neutral. No additional trading signal provided beyond opening price.

**Net Tilt:** Bullish. Multiple large ownership increases suggest positive sentiment."
2023-02-25,9,"**Analyst & Ownership:** Bullish – TheStreet upgraded York Water; Morgan Stanley, Eaton Vance, Vanguard, and Penn Capital increased stakes.

**Stock Performance:** Bearish – YORW stock down 0.8%.

**Dividends:** Neutral – Declared a $0.20 quarterly dividend.

**Earnings Estimate:** Neutral – Analysts expect EPS of $1.53.

**Net Tilt:** Mixed signals with a slight bullish bias due to upgrades and increased ownership."
2023-03-07,13,"**Earnings & Revenue Beat:** York Water (YORW) Q4 GAAP EPS of $0.35 beat estimates by $0.03, with revenues at $15.11M, exceeding the consensus of $14.00M by 7.94%. **Bullish**.

**Revenue Growth:** Q4 sales rose to $15.11M from $13.73M YoY, while FY2022 sales grew to $60.06M from $55.12M. **Bullish**.

**Investment Plans:** York Water plans to invest $60.6M in 2023, up from $50.5M previously. **Neutral to Bullish**.

**Conflicting Signals:** While strong earnings and revenue growth are positive, increased investment may pressure margins. **Net Tilt: Bullish**."
2023-03-10,2,"York Water Company (YORW) reported Q4 earnings of 35 cents per share, beating the expected 31 cents, a bullish signal. Zacks maintains a Buy rating but reduced the price target to $34 from $38, indicating a slight bearish adjustment in valuation expectations. The net signal is mixed, with earnings outperformance offset by a lowered price target. 

Direction: Mixed (Bullish on earnings, Bearish on valuation)."
2023-04-10,6,"**Revenue Beat:** York Water reported Q4 revenue of $15.11M, beating estimates of $14.00M (bullish).

**Institutional Ownership Growth:** System, Wells Fargo, and another institution increased their stakes in YORW by 2.6%, 2.4%, and 9.0% respectively (bullish).

**Stock Performance:** YORW set a new 52-week high of $47.67 (bullish).

**Earnings Release:** YORW released earnings on March 7th (neutral).

**Net Tilt:** Strongly Bullish."
2023-04-12,3,"**Ownership Increases:** Verition Fund Management LLC increased holdings by 25.9% in Q2, while Inc. increased holdings by 2.4% in Q3, and MetLife Investment Management LLC increased holdings by 4.3% in Q4. **Bullish** on investor confidence and potential for future growth.

**Net Tilt:** Bullish."
2023-04-18,2,"**Revenue Beat:** Bullish. York Water reported Q1 revenue of $15.11M, beating the consensus estimate of $14.00M.

**Stock Performance:** Bearish. York Water stock opened at $44.56, down from previous close.

**Net Tilt:** Mixed signals with revenue beat positive but stock performance negative."
2023-04-25,9,"**Revenue Beat:** Bullish. York Water reported Q4 revenue of $15.11M vs. $14.00M consensus.

**Institutional Ownership:** Bullish. Vanguard, State Street, Renaissance Technologies, Northern Trust, and KBC increased stakes. Ellevest sold shares.

**Stock Price:** Bearish. YORW stock down 1.2%.

**Earnings:** Neutral. Earnings released on Mar 7th, no specific details provided."
2023-05-02,11,"**Earnings:** Bullish. York Water reported Q1 net income of $3.65M and EPS of $0.26, meeting expectations. Revenue was $15.4M, beating estimates by 2.67%. However, EPS and net profit declined year-over-year from $0.29 and $3.86M respectively.

**Capital Investment:** Neutral. The company invested $10.6M in capital projects.

**Net Tilt:** Mixed. Positive on revenue and inline earnings but negative on declining EPS and net profit."
2023-05-29,2,"**Ownership Increase:** Bullish. Jane Street Group LLC bought a new position in York Water in Q3, indicating institutional interest.

**Earnings Release:** Neutral. York Water released its quarterly earnings on May 2nd, but no specific details on EPS, revenue, or guidance were provided in the headline. No earnings beat/miss information available.

**Net Tilt:** Mixed signals with one bullish and one neutral point. More context needed for a definitive action."
2023-08-03,8,"**Earnings & Revenue:** Bullish. York Water (YORW) Q2 earnings and revenues beat estimates. GAAP EPS was $0.45, beating by $0.01, with net profit rising to $6.5M from $5.03M. Revenues were $18.8M.

**Capital Investment:** Neutral. The company invested $29.7M in capital projects, indicating continued infrastructure focus.

**Net Tilt:** Bullish. Strong earnings and revenue growth outweigh neutral investment signals."
2023-08-08,7,"**Ownership Increases:** Multiple institutions increased their stakes in YORW: Sg Americas Securities LLC initiated a new position, while Bank of New York Mellon Corp, Cambridge Investment Research Advisors Inc., Metlife Investment Management LLC, and Charles Schwab Investment Management Inc. all boosted their holdings (Bullish).

**Price Action:** Shares opened at $41.76 on Tuesday (Neutral).

**Net Tilt:** Bullish due to significant institutional buying."
2023-08-09,1,"**Ownership Increase:** Bullish. PNC Financial Services Group Inc. increased its stake in York Water by 6.4% in Q1, indicating potential confidence in the company’s prospects.

**Net Tilt:** Bullish. Increased ownership suggests institutional support and positive sentiment towards YORW."
2023-08-14,7,"**Institutional Ownership:** Bullish. Vanguard, Dimensional Fund Advisors, State Street, Geode Capital, and Morgan Stanley all increased their positions in YORW, indicating confidence. However, Victory Capital Management decreased its position, showing some bearish sentiment. **Net Tilt:** Bullish.

**Stock Price:** Neutral. Opened at $41.86 with no significant movement indicated. 

**Net Tilt:** Overall Bullish due to multiple large increases in institutional ownership."
2023-08-26,8,"**Revenue Beat:** Bullish. York Water reported Q3 revenue of $18.77M vs. analyst estimates of $17.00M.

**Institutional Ownership Increase:** Bullish. Multiple institutions increased stakes: Vanguard (+6.8%), Dimensional Fund Advisors (+3.1%), State Street (+4.3%), Geode Capital (+3.6%), and Morgan Stanley (+108.4%).

**Stock Performance:** Neutral. Shares opened at $41.43 on Friday with no significant movement indicated.

**New Stakeholder:** Bullish. Zurcher Kantonalbank acquired shares in York Water.

**Net Tilt:** Strongly Bullish."
2023-08-31,9,"**Revenue Beat:** Bullish. York Water reported Q3 revenue of $18.77M vs. consensus $17.00M.

**Institutional Ownership Growth:** Bullish. Blackrock, Vanguard, Dimensional Fund Advisors, State Street, and Geode Capital all increased stakes in YORW.

**Dividend Announcement:** Neutral. YORW announced a $0.20 quarterly dividend.

**EPS Guidance:** Neutral. Analysts expect EPS of $1.53 for FY.

**Net Tilt:** Bullish. Multiple institutional investors increased holdings, signaling confidence despite no change in EPS guidance."
2023-09-01,1,"York Water Company (YORW) appointed Douglas S. Brossman to its Board of Directors, a neutral event. No specific financial metrics, analyst actions, earnings surprises, or significant catalysts were mentioned that would directly impact the next trading session. The appointment may provide long-term governance benefits but lacks immediate trading signals. **NET TILT: NEUTRAL**."
2023-09-10,5,"**Revenue Beat:** York Water reported Q3 revenue of $18.77M, beating the $17.00M consensus estimate, indicating **bullish** momentum.

**Institutional Ownership Growth:** Multiple institutions increased stakes in YORW, including Bank, Eaton Vance Management, Vanguard Group Inc., and Penn Capital Management, signaling **bullish** investor confidence.

**Net Tilt:** Strongly Bullish due to revenue beat and significant institutional buying."
2023-10-01,6,"**York Water (YORW)**

- **Bullish Ownership Increases**: Nuveen Asset Management LLC, AllianceBernstein L.P., Wells Fargo & Company MN, and Goldman Sachs Group Inc. all increased their stakes in YORW during Q2, indicating institutional confidence.
- **Bearish Price Action**: Shares gapped down to $38.37, suggesting short-term selling pressure.

**Net Tilt**: Mixed, with significant institutional buying but recent price weakness."
2023-10-26,5,"**Analyst Downgrade:** TheStreet downgraded York Water, cutting the stock (negative).

**Institutional Ownership Increases:** Mariner LLC, Royal Bank of Canada, and another unnamed institution increased their holdings by 5.7%, 2.3%, and 9.0% respectively (positive).

**Stock Performance:** York Water stock opened at $35.60 on Thursday (neutral).

**Net Tilt:** Mixed signals with one negative analyst action and multiple positive institutional increases."
2023-11-02,9,"**Revenue Beat:** York Water reported Q3 revenue of $18.77M, beating estimates of $17.00M (bullish).

**Institutional Ownership Increases:** Multiple institutions increased holdings: Llc (+53.9%), Citigroup Inc. (+148.2%), Blackrock Inc. (+6.9%), Vanguard Group Inc. (+6.8%), Dimensional Fund Advisors LP (+0.4%), State Street Corp (+2.0%), and Geode Capital Management LLC (+3.8%) (bullish).

**Stock Price Decline:** YORW hit a new 1-year low of $35.24 (bearish).

**Net Tilt:** Mixed signals with strong institutional buying but stock price decline."
2023-11-03,8,"**Earnings Beat:** Q3 GAAP EPS of $0.53 vs. $0.36 expected, net profit $7.6M vs. $5.68M last year. **Bullish**.

**Revenue:** Q3 revenue $18.8M. No change in direction. **Neutral**.

**Capital Investment:** Invested $46.3M in capital projects. **Bullish** on long-term growth.

**Net Tilt:** Bullish."
2023-11-15,7,"**Ownership Increases:** Multiple institutions increased their stakes in YORW in Q1, including Ellevest Inc., Bank of New York Mellon Corp (+1.5%), Cambridge Investment Research Advisors Inc. (+17.5%), PNC Financial Services Group Inc. (+6.4%), MetLife Investment Management LLC (+45.7%), and Charles Schwab Investment Management Inc. (+4.8%). **Bullish** on investor confidence.

**Stock Performance:** YORW stock gained 6.6%. **Bullish** on market sentiment.

**Net Tilt:** Bullish."
2023-12-21,5,"**Dividends:** Bullish; York Water increased its quarterly dividend to $0.62 from $0.20 previously.

**Analyst Ratings:** Bearish; TheStreet downgraded York Water.

**Ownership Changes:** Bullish; BlackRock Inc. increased its holdings by 6.9%.

**Revenue Performance:** Bearish; York Water reported Q revenue of $18.77M vs. expected $19.00M.

**Stock Price Movement:** Bearish; York Water stock fell 1.9%.

**Net Tilt:** Mixed signals with a slight bearish bias due to revenue miss and stock decline."
2023-12-27,8,"**Ownership Increases:** Blackrock, Vanguard, Dimensional Fund Advisors, State Street, and Geode Capital all increased their stakes in YORW, indicating **bullish** sentiment among major investors.

**Revenue Miss:** Q3 revenue came in at $18.77M vs. $19.00M expected, signaling **bearish** performance against market expectations.

**EPS Guidance:** Analysts predict FY EPS of $1.59, neutral but watch for any updates that could shift this forecast.

**Stock Price:** YORW opened at $39.51, steady but reflecting mixed signals from ownership and revenue data. 

**Net Tilt:** Mixed signals with slight **net bullish** bias due to significant institutional buying despite revenue miss."
2024-01-07,9,"**Dividends:** Bullish; York Water increased its quarterly dividend from $0.20 to $0.62.

**Analyst Ratings:** Bearish; TheStreet downgraded York Water.

**Ownership Changes:** Mixed; Morgan Stanley, Eaton Vance, BlackRock, Vanguard, and Penn Capital Management increased their positions, while TheStreet downgraded the stock. **Net Tilt:** Neutral to Slightly Bullish.

**Revenue:** Bearish; York Water reported Q revenue of $18.77M, missing the $19.00M consensus estimate.

**Stake Acquisitions:** Bullish; GPS Wealth Strategies Group LLC bought shares of York Water."
2024-01-09,5,"**Ownership Changes:** Bullish. Llc increased stake by 53.9% in Q2, while Citigroup Inc. and Great West Life Assurance Co. Can increased stakes by 148.2% and 49.3% respectively in Q1. However, Llc reduced its stake by 34% in Q1 (bearish).

**Stock Performance:** Bullish. YORW stock up 0.7%.

**Net Tilt:** Bullish, with mixed signals from ownership changes but overall positive stock movement."
2024-02-14,7,"**Institutional Ownership Increase:** Bullish. Blackrock Inc., Vanguard Group Inc., Dimensional Fund Advisors LP, State Street Corp, and Geode Capital Management LLC all increased their stakes in YORW, indicating institutional confidence.

**Stock Price Drop:** Bearish. YORW dropped by 11.1%, despite positive ownership trends, suggesting broader market or sector-specific concerns.

**Net Tilt:** Mixed signals with institutions buying in but stock price falling sharply."
2024-02-16,6,"**Ownership Trends:** Bullish. Multiple institutional investors increased their stakes in YORW: Bank of New York Mellon Corp (+1.5%), Cambridge Investment Research Advisors Inc. (+17.5%), PNC Financial Services Group Inc. (+6.4%), MetLife Investment Management LLC (+45.7%), and Charles Schwab Investment Management Inc. (+4.8%). However, Quantbot Technologies LP reduced its holdings (-sold). **Net Tilt:** Bullish due to significant increases outweighing the single reduction."
2024-02-26,7,"**Dividends & Ownership Increases:** York Water raised its quarterly dividend to $0.21 and has increased dividends by 4.0% annually over the past three years. Institutional ownership has risen significantly: Bank of New York Mellon Corp increased holdings by 0.4%, Ellevest Inc. by 12.9%, and Barclays PLC by 333.8%. **Bullish**.

**Stock Performance:** YORW opened at $35.63 on Monday, down from previous close. **Bearish**.

**Earnings Guidance:** Analysts forecast EPS of $1.61 for the upcoming period. **Neutral**. 

**Net Tilt:** Mixed signals with strong support from institutional investors but recent stock performance weak. **Net Neutral**."
2024-03-05,15,"**Earnings & Revenue:** Bullish. Q4 GAAP EPS of $0.42 beats by $0.12; Q4 revenue of $18.096M beats consensus by 6.45%. FY2023 total sales of $71.03M also exceeded expectations.

**Investment Plans:** Neutral. Company invested $64.6M in 2023 and plans to invest $42.2M in 2024.

**Net Tilt:** Bullish. Strong earnings and revenue beats outweigh neutral investment signals."
2024-03-06,11,"**Earnings:** Bullish. YORW beat EPS expectations by $0.06.

**Ownership Increases:** Bullish. Multiple institutions increased stakes: Bank (+1.9%), Morgan Stanley (+108.4%), Eaton Vance Management (new position), Blackrock Inc. (+6.9%), Vanguard Group Inc. (+6.8%), Penn Capital Management (+652.0%).

**Stock Performance:** Bullish. YORW stock up 1.2%.

**New Stake:** Bullish. Charles Schwab Investment Management Inc. purchased shares.

**Dividend:** Neutral. Quarterly dividend announced, payable on April 15th.

**Net Tilt:** Strongly Bullish."
2024-03-07,1,"York Water reported revenues and earnings above expectations. EPS beat estimates, with Q4 revenue at $25M, exceeding forecasts of $24M. Analysts at Morgan Stanley upgraded YORW to ""Overweight"" from ""Equal Weight,"" raising the price target to $60 from $55. However, a recent lawsuit alleging environmental violations could pose regulatory risks. The net signal is **bullish** due to strong financial performance and positive analyst action, though legal risks introduce some uncertainty."
2024-03-16,7,"**Revenue Beat:** York Water reported Q1 revenue of $18.10M vs. expectations of $17.00M, beating by $1.10M (Bullish).

**Institutional Ownership Growth:** Multiple institutions increased their stakes in YORW: BNY Mellon (+1.5%), Cambridge Investment (+17.5%), PNC Financial (+6.4%), MetLife Investment (+45.7%), and Charles Schwab (+4.8%) (Bullish).

**Ownership Decrease:** Collective Family Office reduced its stake in YORW (Bearish).

**Net Tilt:** Bullish due to strong revenue beat and significant institutional buying outweighing one reduction."
2024-03-25,6,"York Water (YORW) reported Q4 revenue of $18.10M, beating the $17.00M consensus estimate, signaling **bullish** momentum. Institutional ownership saw significant increases with Llc upping holdings by 53.9%, Citigroup by 148.2%, and Great West Life by 49.3%, all indicating **bullish** sentiment. Additionally, Sg Americas Securities LLC initiated a new position in YORW. However, Rosenberg Matthew Hamilton sold shares, showing **bearish** activity. Overall, the net signal leans **bullish** due to multiple large buys outweighing the single sell action."
2024-04-17,6,"**Revenue Growth:** Bullish. York Water Co. reported a 18.26% revenue growth over the last twelve months.

**Dividend Increase:** Bullish. The company has raised its dividend for 27 consecutive years.

**Insider Buying:** Bullish. Both the VP and CEO have recently bought shares, with the VP purchasing $921 worth.

**Stake Increase:** Bullish. An unnamed stakeholder has increased their holding in the company.

**Net Tilt:** Strongly Bullish. All signals indicate positive momentum and confidence in the company’s future performance."
2024-04-19,1,"York Water (YORW) welcomed Ashley Grimm as Vice President of Human Resources, a neutral to slightly bullish move as it suggests organizational stability and potential improvements in HR practices. No direct financial impact is evident from this appointment. 

NET TILT: NEUTRAL-BULLISH  
EVIDENCE: Appointment of new VP indicates strategic focus on HR but lacks immediate financial metrics or analyst actions."
2024-04-22,3,"**Insider Activity:** Bullish. York Water Co. director and Rasmussen increased their stakes, indicating confidence in the stock.

**Revenue Update:** Neutral. No specific revenue figures or trends provided for the last twelve months.

**Net Tilt:** Slightly Bullish due to insider buying and stake increases."
2024-05-07,11,"**Earnings Beat:** York Water (YORW) Q1 EPS of $0.30 vs. $0.26 last year, beating estimates. Revenue of $17.628M exceeded consensus by 3.69%. **Bullish**.

**Acquisition Completed:** York Water completed the acquisition of MESCO, Inc. wastewater assets. **Bullish**.

**Capital Investment:** York Water invested $8.5M in capital projects. **Neutral**.

**Stock Performance:** Shares fell 4.8% despite strong earnings. **Bearish**.

**Net Tilt:** Mixed signals; strong earnings and acquisition offset by stock decline. **Net Neutral**."
2024-05-09,1,"York Water (NASDAQ:YORW) reported Q1 2024 results:

- **Earnings Beat**: EPS of $0.45 vs. consensus estimate of $0.40.
- **Revenue Miss**: Revenue of $27M vs. consensus of $28M.
- **Analyst Actions**:
  - BofA Securities downgraded YORW from ""Buy"" to ""Neutral.""
  - Price target lowered from $60 to $50.
- **Supply/Production Changes**: No significant updates on production or supply issues.

**Net Tilt**: Mixed (Bullish on earnings beat, Bearish on revenue miss and downgrade).

Traders should consider these conflicting signals before deciding on a position."
2024-05-17,3,"**Revenue Beat:** York Water reported Q1 revenue of $18.10M vs. analyst estimates of $17.00M, indicating **bullish** momentum.

**Institutional Ownership Shifts:** Bank increased its stake by 1.9%, signaling **bullish** sentiment. Conversely, New York State Common Retirement Fund sold shares, indicating **bearish** sentiment.

**Net Tilt:** Mixed signals with revenue beat and institutional buying offset by selling from another major holder. Overall, **slightly bullish** due to revenue outperformance and net positive ownership change."
2024-05-26,5,"**Revenue Beat:** Bullish. York Water reported Q4 revenue of $18.10M, beating the consensus estimate of $17.00M.

**Institutional Ownership Growth:** Bullish. Both Vanguard Group Inc. and Russell Investments Group Ltd. increased their stakes in YORW by 1.5% and 22.7%, respectively.

**New Investor Acquisition:** Bullish. Panagora Asset Management Inc. invested $306,000 in YORW.

**Stock Price:** Neutral. Shares opened at $36.32 on Friday.

**Net Tilt:** Bullish. Multiple positive signals from revenue beat and institutional investor activity outweigh neutral stock price movement."
2024-05-29,1,"**Dividend Announcement:** York Water (NASDAQ:YORW) is set to pay a dividend of $0.2108 per share. **Direction:** Bullish. Evidence: Regular dividend payments indicate financial stability and shareholder-friendly policies, potentially attracting income-focused investors.

**Net Tilt:** Bullish."
2024-05-30,5,"**Revenue Beat:** Bullish. York Water reported Q1 revenue of $17.63M, beating expectations of $17.00M.

**Institutional Ownership:** Mixed. **Bullish Signals:** Ltd. increased holdings by 22.7%, Vanguard by 1.5%. **Bearish Signal:** Swiss National Bank reduced holdings.

**Stock Price:** Neutral. Shares opened at $35.63 on Thursday."
2024-06-25,5,"Institutional ownership trends: 
- Bullish: Vanguard Group Inc. increased holdings by 1.5%, Charles Schwab by 2.6%, and an unnamed firm by 22.7% in Q3 and Q4 respectively.
- Bearish: Quadrature Capital Ltd. sold shares.
NET TILT: Bullish due to significant增持信号超过减持信号。

Evidence:
- Multiple large institutions increased their stakes in YORW.
- Only one institution reduced its stake, but the overall trend shows strong institutional support."
2024-06-26,5,"**Revenue Beat:** Bullish. York Water reported Q2 revenue of $17.63M vs. consensus of $17.00M.

**Dividend Increase:** Bullish. York Water increased its quarterly dividend to $0.21, maintaining a trend of a 4.0% annual increase over the past three years.

**Earnings Guidance:** Neutral. Analysts forecast EPS of $1.61 for the current fiscal year.

**Stock Price:** Neutral. YORW opened at $36.82 on Wednesday.

**Net Tilt:** Bullish. Revenue beat and dividend hike support positive momentum."
2024-07-17,5,"**Dividends & Ownership Increases:** York Water Co. (YORW) raised its dividend for the 27th consecutive year, signaling strong financial health (bullish). Insider activity is robust with the VP buying shares and major stakeholders increasing their stakes (bullish).

NET TILT: Bullish."
2024-08-02,12,"**Earnings Below Expectations:** York Water (YORW) reported Q2 EPS of $0.35, missing the consensus estimate of $0.45 by 22.22%, and revenues of $18.75M, falling short of the $19.00M estimate by 1.32%. Net income decreased. **Bullish:** LLC increased its stake by 17,525% in Q4. **Bearish:** Quadrature Capital reduced its position. **Net Tilt:** Bearish due to earnings miss and revenue shortfall."
2024-08-13,6,"**Analyst Downgrade:** York Water (YORW) downgraded to ""Sell"" at StockNews.com (Bearish).

**Ownership Increases:** Advisers increased stake by 35% in Q2; Assenagon Asset Management bought a new stake worth $1.72M in Q1; Llc boosted holdings by 30% in Q4 (Bullish).

**Revenue Miss:** Reported Q revenue of $18.75M vs. consensus $19.00M (Bearish).

**EPS Forecast:** Analysts predict EPS of $1.43 for FY (Neutral).

**Net Tilt:** Mixed signals with analyst downgrade and revenue miss vs. ownership increases. **NET TILT: SLIGHTLY BEARISH.**"
2024-08-21,4,"**Analyst Downgrade:** York Water (NASDAQ:YORW) downgraded to Sell at StockNews.com (Bearish).

**Ownership Increase:** Limited shareholder increased holdings by 22.7% in Q4 (Bullish).

**EPS Guidance:** Analysts forecast EPS of 1.43 for the current year (Neutral).

**Net Tilt:** Mixed signals with analyst downgrade and ownership increase; overall slightly **Bearish** due to recent downgrade."
2024-08-22,4,"**Ownership Increase:** Assenagon Asset Management and Russell Investments Group increased their stakes in YORW, while Panagora Asset Management initiated a new position (Bullish).

**Revenue Miss:** Q2 revenue was $18.75M vs. consensus of $19.00M, missing estimates by $0.25M (Bearish).

**Net Tilt:** Mixed signals with institutional buying offset by revenue miss."
2024-08-23,1,"York Water Company (YORW) received a national award, a positive recognition but no direct financial impact noted. Analysts have not updated their ratings or targets recently. No earnings surprises, product launches, legal issues, or significant operational changes reported. The award suggests positive brand sentiment but lacks immediate trading signals. **Net Tilt: Neutral**."
2024-08-25,4,"**Analyst Ratings:** Bearish - Stocknews.com downgraded YORW from ""hold"" to ""sell.""  
**Ownership Changes:** Bullish - Nisa Investment Advisors LLC purchased shares, and an existing investor increased holdings by 14.4%.  
**Price Movement:** Bullish - YORW stock gained 0.3%.  
**Net Tilt:** Mixed signals with analyst downgrade vs. positive ownership and price action."
2024-08-27,7,"**Board Member Appointments:** Bullish. York Water appointed Robert F. Lambert as an independent director, signaling board strength.

**Ownership Increases:** Bullish. Assenagon Asset Management initiated a new position worth $1.72M, and another entity increased holdings by 30%.

**Revenue Miss:** Bearish. QTR revenue was $18.75M vs. expectations of $19.00M, indicating slight underperformance.

**Investor Interest:** Bullish. Sg Americas Securities invested $123,000, showing continued interest despite the revenue miss.

**Net Tilt:** Mixed, but slightly bullish due to significant institutional buying and board enhancements."
2024-08-31,5,"**Analyst Upgrade:** York Water (YORW) upgraded to ""Hold"" at StockNews.com, positive sentiment.  
**Ownership Increase:** Llc increased holdings by 42.9%, indicating institutional support.  
**Stock Performance:** YORW stock up 0.6%.  
**Earnings Estimate:** Analysts predict EPS of 1.43 for the current year.  

**Net Tilt:** Bullish due to analyst upgrade and ownership increase, despite modest stock gain."
2024-09-15,5,"**Analyst Upgrade:** Stocknews.com upgraded YORW from ""sell"" to ""hold,"" indicating a neutral stance with a positive shift (bullish).

**Ownership Changes:** 
- Llc increased holdings by 37.5% in Q2 (bullish).
- Co increased holdings by 237.0% in Q1 (bullish).
- Bank of New York Mellon Corp sold shares (bearish).

**Price Movement:** YORW traded up 2.1% (bullish).

**Net Tilt:** Bullish, with mixed ownership signals but overall positive momentum."
2024-09-28,8,"**Analyst Upgrade & Dividend Increase:** Stocknews.com upgraded YORW from ""sell"" to ""hold,"" while the company increased its dividend by 4.0% annually over three years (bullish).

**Ownership Shifts:** LLC significantly boosted holdings by 17,525%, but Public Employees Retirement Association of Colorado sold shares (mixed).

**Revenue Miss:** Q4 revenue was $18.75M vs. expected $19.00M (bearish).

**Price Action:** YORW traded up 1.0% (bullish).

**Earnings Guidance:** Analysts predict EPS of 1.43 for FY (neutral).

**Net Tilt:** Mixed signals with slight bullish bias due to recent upgrades and price action."
2024-09-30,2,"York Water Company (YORW) closed the acquisition of the Houston Run Company Water System in Salisbury, expanding its footprint and potentially boosting unit growth. This is **bullish** as it enhances operational scale and market presence.

The company also announced plans to expand into Lancaster, furthering its market entry strategy. This move is **bullish**, indicating continued geographic expansion and potential revenue growth.

NET TILT: Bullish due to expansion activities enhancing market reach and operational capacity."
2024-10-06,2,"**Ownership Increase:** Bullish. Both Llc and Bnp Paribas Financial Markets increased their stakes in YORW, with Llc up 30.0% in Q4 and Bnp Paribas up 6.6% in Q1, indicating institutional confidence."
2024-10-07,1,"**Executive Retirement:** York Water Co. director retires. **Direction:** Neutral. Evidence: No specific impact on EPS, revenue, or guidance provided. However, leadership transition may introduce short-term uncertainty.

**Net Tilt:** Neutral."
2024-10-13,4,"**Analyst Ratings:** Stocknews.com upgraded York Water from ""sell"" to ""hold,"" indicating a shift towards neutral sentiment (bullish).

**Ownership Changes:** Sg Americas Securities LLC increased its stake, investing $123,000 in the company (bullish).

**Revenue Performance:** Q3 revenue missed expectations by $0.25 million ($18.75M vs. $19.00M expected) (bearish).

**Market Movement:** York Water stock gained 1.6% today (bullish).

**Net Tilt:** Mixed signals with analyst upgrade and ownership increase offsetting revenue miss. Overall slightly bullish due to recent market gain and analyst action."
2024-10-17,4,"**Dividend Increase:** Bullish. York Water has raised its dividend for 27 consecutive years, indicating strong financial health and consistent profitability.

**Insider Buying:** Bullish. Both VP Ashley Grimm and CFO Matthew Poff have recently acquired shares, signaling confidence in the company’s future performance.

**CFO Stake Acquisition:** Bullish. The CFO’s purchase of additional shares further reinforces insider confidence in YORW’s prospects.

**Net Tilt:** Strongly Bullish. Multiple insiders buying shares and a long-term dividend increase provide clear positive signals."
2024-10-28,2,"**Ownership Increase:** Llc increased its stake in YORW by 37.5% in Q2, indicating **bullish** sentiment among institutional investors.

**Stock Price:** YORW opened at $35.55 on Monday, showing no significant change from previous sessions.

**Net Tilt:** Bullish due to ownership increase, but stock price stability suggests mixed signals."
2024-11-07,7,"**Earnings:** Q3 EPS $0.41 vs. $0.53 YoY, missing estimates ($0.53). **Bearish** due to lower EPS and revenue miss ($19.72M vs. $20.00M consensus).

**Capital Investment:** Invested $33M in capital projects. **Bullish** as it indicates growth initiatives.

**Net Tilt:** Mixed signals with revenue and EPS misses but positive investment activity. **Net Bearish** due to earnings shortfall."
2024-11-09,5,"**Revenue Direction Conflict:**  
- **Bearish:** Q3 revenue for the third quarter of 2024 decreased to $6.95 million (down from previous estimates).  
- **Bullish:** Operating revenues for the quarter were $19.7 million (up from previous estimates).

**Earnings:**  
- Earnings per share (EPS) met expectations at $0.68.

**Conference Call:**  
- Hosted on Nov 7, 2024, with mixed financial results announced.

**Net Tilt:** Neutral due to conflicting revenue signals."
2024-11-26,2,"**York Water (YORW)**

- **Funding & Dividends**: York Water filed a $60M mixed securities shelf registration, indicating potential capital raising needs (bearish). However, the company also boosted its quarterly dividend by 4% to 21.92c, signaling confidence in cash flow (bullish).

**Net Tilt**: Mixed, with conflicting signals on financial health and shareholder returns."
2024-11-27,2,"York Water Company (YORW) saw mixed signals today:

**Executive Appointment:** York Water appointed Suzanne Becker as VP (ess0.53). **Bullish** - Indicates management strength and continuity.

**Dividend Declaration:** Declared the 616th dividend. **Neutral** - Regular payout, no change in dividend amount mentioned.

NET TILT: SLIGHTLY BULLISH due to the executive appointment suggesting positive internal developments."
2024-12-05,3,"**Dividend Increase:** Bullish. York Water increased its quarterly dividend to $0.62 from $0.21, indicating strong financial health and confidence.

**Institutional Ownership:** Bullish. Sg Americas Securities LLC initiated a new position worth $123,000, and D.A. Davidson & CO. bought 9,101 shares, signaling institutional interest and confidence.

NET TILT: Bullish."
2024-12-16,1,"**Acquisition Update:** York Water acquires Brookhaven Mobile Home Community Water, expanding its customer base. This move is **bullish**, as it enhances operational scale and potentially boosts revenues through increased water service units. No specific financial details provided, but such acquisitions typically support long-term growth and market share expansion."
2024-12-20,7,"**Dividends:** Bullish. York Water increased its quarterly dividend to $0.62 from $0.21, marking 28 consecutive years of dividend hikes.

**Insider & Ownership Activity:** Mixed. Steven Rasmussen, a director, bought shares. Quest Partners LLC and GSA Capital Partners LLP initiated new positions worth $102k and $268k respectively. However, Americas LLC decreased its stake. York Water also acquired additional shares.

**Net Tilt:** Slightly Bullish due to consistent dividend increases, insider buying, and new institutional investments outweighing the decrease in stake by one investor."
2024-12-31,6,"**Ownership Increase:** Bullish. Multiple institutions increased stakes in YORW: Geode Capital Management LLC, State Street Corp (+9.4%), Barclays PLC (+297.0%), Orrstown Financial Services Inc., and D.A. Davidson & CO. all boosted their positions in Q3.

**Stock Price:** Neutral. YORW opened at $33.13 on Tuesday, showing no significant change from previous sessions."
2025-01-11,7,"**Ownership Trends:** Bullish. State Street Corp increased holdings by 9.4%, Charles Schwab by 2.5%, and Aqr Capital by 16.2%. Quest Partners initiated a new position. However, Jane Street Group sold shares, indicating mixed sentiment.

**Dividend:** Bullish. York Water boosted its quarterly dividend to $0.62 from $0.21 previously.

**Stock Performance:** Bearish. Shares opened at $30.52 on Friday, down from previous levels.

**Net Tilt:** Mixed, with significant institutional buying offset by a notable sell-off and stock price decline."
2025-01-16,13,"**Insider Buying:** Bullish. York Water Co.’s CEO, CFO, and multiple VPs bought shares, indicating confidence in the company’s future performance.

**Dividend Increase:** Bullish. York Water increased its quarterly dividend by 4% to $0.2192, signaling strong financial health and commitment to shareholders.

**Institutional Ownership Growth:** Bullish. Barclays PLC, Pdt Partners LLC, Sg Americas Securities LLC, Charles Schwab Investment Management Inc., Geode Capital Management LLC, and Fmr LLC all increased their stakes in YORW, suggesting institutional support and positive sentiment.

Net Tilt: **Bullish**."
2025-01-22,1,"York Water (YORW) stock hit a 52-week low today, indicating significant bearish pressure. This development suggests weakening investor sentiment and potential underlying issues with the company’s performance or market perception. The stock loss of 0.51% underscores the negative trend, though specific financial metrics or catalysts were not detailed in the provided headlines. Traders should consider this as a strong bearish signal for the next session, unless countered by positive developments not mentioned here. **NET TILT: Bearish**."
2025-02-08,9,"**Revenue Beat:** Bullish; Q4 revenue was $19.72M vs. $19.00M consensus.

**Institutional Ownership Growth:** Bullish; multiple firms increased holdings: Sg Americas Securities, Manufacturers Life Insurance, Gsa Capital Partners, Fmr LLC, D.A. Davidson & CO., and Pdt Partners.

**Stock Price Movement:** Bearish; YORW stock down 0.9%.

**Net Tilt:** Bullish; strong institutional support outweighs minor price decline."
2025-02-25,2,"York Water (YORW) is set to release quarterly earnings on Tuesday, with analysts expecting EPS of $0.37 per share. No other specific financial details or analyst actions were provided. This expectation provides a baseline for evaluating potential earnings surprises. **Direction:** Neutral until actual results are known."
2025-03-02,2,"York Water (YORW) is set to announce Q4 earnings on Tuesday, with analysts projecting EPS of $0.37. No other specific financial metrics or analyst actions were mentioned. This headline provides no direct trading signals beyond the expected earnings figure. The lack of additional details like revenue estimates, guidance, or analyst upgrades/downgrades means there are no clear bullish or bearish signals to act upon. **NET TILT: NEUTRAL**."
2025-03-03,2,"**Dividend Announcement:** York Water announced a quarterly dividend to be paid on April 15th, providing a steady income stream for shareholders. **Bullish** as dividends indicate financial stability and confidence in future earnings.

**Stock Price:** Opened at $32.05 on Monday. No specific direction indicated, but stable dividend payments can support share prices. **Neutral** to **Bullish** depending on market reaction to dividend news."
2025-03-04,9,"**Earnings Below Expectations:** York Water missed Q4 EPS estimates with $0.36 vs. $0.42 consensus, down YoY. FY2024 EPS was $1.42. Q4 revenue also fell short at $18.87M vs. $19.00M consensus. FY2024 revenue was $74.96M vs. $75.00M consensus. **Bullish:** The company plans to invest $46.0M in 2025. **Net Tilt:** Bearish due to consistent misses."
2025-03-06,2,"**Earnings Miss:** YORW reported EPS of $0.74, missing expectations by $0.01 (bearish).

**Stock Performance:** Shares opened at $33.43, down from previous close (bearish).

**Net Tilt:** Bearish due to earnings miss and stock decline."
2025-03-07,7,"**Ownership Increases:** Multiple firms increased stakes or initiated positions in YORW, including Sg Americas Securities (+17.9%), GSA Capital Partners ($268k new position), FMR LLC (+79.9%), D.A. Davidson & CO. ($341k new position), Pdt Partners (+7.0%), and Rhumbline Advisers (shares acquired). **Bullish**.

**Revenue Miss:** Q4 revenue was $18.87M vs. estimates of $19.00M, missing expectations slightly. **Bearish**.

**Net Tilt:** Mixed signals with significant institutional buying offsetting minor revenue disappointment. **Net Bullish**."
2025-03-09,2,**Earnings Preview:** York WATER ($YORW) is set to release its quarterly earnings. No specific EPS or revenue guidance provided. **Direction:** Neutral. **Evidence:** Lack of detailed financial projections makes it difficult to assess immediate bullish or bearish signals. Traders should focus on the actual earnings report for concrete figures and guidance.
2025-03-18,6,"**Institutional Ownership:** Bullish. Sg Americas Securities LLC increased its stake by 17.9%, GSA Capital Partners LLP, FMR LLC, and D.A. Davidson & CO. all initiated new stakes worth $268k and $341k respectively. However, Retirement Planning Co of New England Inc sold shares.

**Revenue:** Bearish. Q4 revenue was $18.87M vs. estimates of $19.00M, missing expectations by $130k.

**Net Tilt:** Mixed, but slightly bearish due to revenue miss and partial offset by institutional buying."
2025-03-27,7,"**Ownership Increases:** Multiple firms increased ownership in YORW, including Sg Americas Securities LLC (+17.9%), Fmr LLC (+79.9%), D.A. Davidson & CO., Pdt Partners LLC (+7.0%), and Proficio Capital Partners LLC. **Bullish**.

**Revenue Miss:** Q4 revenue was $18.87M vs. $19.00M consensus. **Bearish**.

**Stock Performance:** YORW stock up 1.3%. **Bullish**.

**Net Tilt:** Mixed signals with significant institutional buying offsetting revenue miss. **Neutral**."
2025-04-13,6,"**Ownership Changes:** Bullish. State Street, Barclays, and JPMorgan Chase increased their stakes in YORW by 9.4%, 297.0%, and 78.3% respectively, indicating institutional confidence. However, Corebridge Financial sold shares, showing some bearish sentiment. **Net Tilt:** Bullish due to significant increases from major institutions.

**Stock Price:** Neutral. YORW opened at $34.27 on Friday, with no specific directional movement indicated."
2025-04-16,3,"**Insider Buying:** Bullish. York Water Co. CFO Poff, CEO Joseph Hand, and a VP each acquired significant shares: CFO Poff, CEO Hand, and the VP bought shares worth $389k. This indicates confidence in the company’s future performance.

**Net Tilt:** Bullish."
2025-04-30,5,"**Ownership Changes:**  
- **Bullish:** Sg Americas Securities LLC increased its stake by 17.9%.  
- **Bearish:** Invesco Ltd. decreased its holdings.

**Revenue Performance:**  
- **Bearish:** Q4 revenue was $18.87M vs. estimates of $19.00M, missing expectations slightly.

**Stock Price Movement:**  
- **Bullish:** Shares opened at $35.40 on Wednesday, indicating some positive sentiment.

**Earnings Data:**  
- **Neutral:** Earnings data released on March 4th, no specific beat/miss details provided.

**Net Tilt:** Mixed signals with slight overall bearish bias due to revenue miss and ownership decrease."
2025-05-06,12,"**Earnings Below Expectations:** York Water (YORW) reported Q1 EPS of $0.25, missing estimates of $0.30 (bearish). Revenue rose to $18.46M, but fell short of the $19M consensus (bearish).

**Capital Investment:** The company invested $9.3M in capital projects (neutral).

**Revenue Growth:** Q1 sales of $18.46M up from $17.63M YoY (bullish).

**Net Tilt:** Bearish due to earnings miss and revenue shortfall."
2025-05-09,3,"**Ownership Increase:** York Water saw increased ownership with Co raising its stake by 12.1% in Q4, and Hsbc Holdings investing $349,000 (bullish).

**Stock Performance:** YORW stock fell 1.6% today (bearish).

**Net Tilt:** Mixed signals; increased ownership is bullish but recent stock performance is bearish."
2025-05-11,1,"**Dividend Announcement:** York Water (NASDAQ:YORW) announced a dividend payout of $0.2192 per share. **Direction:** Bullish. Evidence: Regular dividend payments can attract income-focused investors, potentially boosting stock price.

**Net Tilt:** Bullish."
2025-05-29,7,"**Ownership Increases:** Multiple institutional investors increased their stakes in YORW during Q4, including Proshare Advisors (21.6%), Northern Trust (3.7%), Penn Capital Management (5.3%), Charles Schwab (0.6%), and Bank of New York Mellon (19.6%). Additionally, Two Sigma acquired a stake in YORW. **Bullish** on investor confidence.

**Earnings Announcement:** YORW announced its quarterly earnings on May 6th. No specific details provided on performance. **Neutral** until further details emerge."
2025-06-04,6,"**Ownership Changes:**  
- **Bullish:** Sg Americas Securities LLC increased holdings by 17.9%, Lp increased position by 18.0%.  
- **Bearish:** Bank of America Corp sold shares.

**Revenue Performance:**  
- **Bearish:** Qtrly revenue $18.46M vs. estimates $19.00M, missing by $0.54M.

**Stock Price Movement:**  
- **Bearish:** YORW stock down 0.2%.

**Earnings Announcement:**  
- **Neutral:** Earnings reported on May 6th, no specific details provided.

**Net Tilt:** Bearish due to ownership decrease and revenue miss, offset slightly by institutional buying."
2025-06-08,6,"**York Water (YORW)**

- **Analyst Upgrade**: Wall Street Zen upgraded YORW, indicating a positive outlook.
- **Institutional Ownership Growth**: Multiple institutions increased holdings in Q1, including Jane Street Group, Zimmer Partners, Dynamic Technology Lab, and Mirae Asset Global ETFs Holdings, signaling confidence.
- **EPS Guidance**: Analysts predict EPS of $1.43 for the current year.

**Net Tilt**: Bullish. Institutional buying and analyst upgrade suggest strong support."
2025-06-09,2,"**Ownership Increase:** Bullish. Two institutional investors, [ownership-increase-held|ess0.37] Inc. and [ownership-increase-held|ess0.37] LLC, significantly increased their stakes in YORW—by 100.0% and 67.0%, respectively. This suggests growing confidence among major shareholders.

**Net Tilt:** Bullish."
2025-06-10,2,"**Ownership Increase:** Proshare Advisors LLC increased its stake in YORW by 21.6% in Q4, indicating **bullish** sentiment among institutional investors.

**Stock Performance:** YORW stock prices rose by 0.9%, suggesting **bullish** market movement.

**Net Tilt:** Bullish due to both ownership increase and positive stock performance."
2025-06-13,3,"**Ownership Increase:** Bullish. Two Sigma Investments LP increased its stake in YORW by 22.4%, indicating confidence in the stock.

**Revenue Miss:** Bearish. Q4 revenue was $18.46M vs. estimates of $19.00M, missing expectations by $0.54M.

**Stock Performance:** Neutral. YORW stock gained 0.1%, showing minimal movement despite the revenue miss.

**Net Tilt:** Mixed signals with ownership increase bullish but revenue miss bearish."
2025-06-21,4,"**Ownership Changes:**  
- **Bullish:** Llc increased its stake in YORW by 67.0% in Q4.  
- **Bearish:** Advisers decreased their stake in YORW.

**Revenue Performance:**  
- **Bearish:** Q4 revenue was $18.46M, missing the $19.00M consensus estimate.

**Stock Price Movement:**  
- **Bearish:** YORW traded down 1.1%.

**Net Tilt:** Bearish due to revenue miss and stock decline, despite positive ownership action from Llc."
2025-07-08,6,"**Analyst Ratings:** Sell rating at Wall Street Zen (bearish).

**Ownership Changes:** 
- Inc. increased position by 100% in Q1 (bullish).
- Llc purchased new stake in Q4 (bullish).

**Price Movement:** Stock down 1.4% (bearish).

**Earnings Forecast:** Analysts predict EPS of 1.43 for FY (neutral).

**Dividends:** Quarterly dividend announced, payable July 15th (neutral).

**Net Tilt:** Mixed signals; analyst downgrade and recent price drop are bearish, while ownership increases suggest institutional support."
2025-07-19,3,"**Ownership Changes:** 
- **Bullish:** Inc. increased its stake in YORW by 100.0% in Q1.
- **Bearish:** Teacher Retirement System of Texas reduced its holdings.

**Revenue Performance:**
- **Bearish:** YORW reported Q1 revenue of $18.46M, missing expectations by $0.54M ($19.00M expected).

**Net Tilt:** Bearish due to revenue miss and institutional sell-off."
2025-07-25,10,"**Analyst Downgrade:** Zen downgraded YORW from ""hold"" to ""sell,"" citing concerns (bearish).

**Ownership Increases:** Jane Street Group LLC, Dynamic Technology Lab Private Ltd, and Mirae ASSET GLOBAL ETFS HOLDINGS Ltd. increased their stakes in YORW (bullish).

**Revenue Miss:** Q2 revenue was $18.46M vs. $19.00M consensus (bearish).

**Earnings Preview:** YORW to release Q2 earnings with expected FY EPS of $1.00 (neutral).

**Dividend Announcement:** YORW declared a quarterly dividend (bullish).

**Net Tilt:** Mixed signals; revenue miss is bearish, but ownership increases and dividend are bullish."
2025-07-27,1,"**Ownership Increase:** Bullish. Wells Fargo & Company MN increased its holdings in York Water by 6.4% during the 4th quarter, indicating institutional confidence.

**Net Tilt:** Bullish."
2025-07-31,5,"**Ownership Increase:** Bullish. Mirae Asset Global ETFs Holdings Ltd. increased its stake by 8.9%, while Dynamic Technology Lab Private Ltd. and Jane Street Group LLC initiated new stakes worth $263k and $498k respectively.

**Earnings Announcement:** Neutral. York Water is expected to announce quarterly earnings on Friday.

**Dividend Announcement:** Neutral. York Water recently declared a quarterly dividend."
2025-08-03,2,"**Ownership Increase:** Centerbook Partners LP increased its stake in YORW by 78.1% in Q4, indicating **bullish** sentiment among institutional investors.

**Stock Performance:** YORW stock gained 0.6%, showing **bullish** market reaction.

**Net Tilt:** Bullish, with both ownership increase and stock gain signaling positive investor interest."
2025-08-12,7,"**Earnings Beat:** York Water (YORW) reported Q2 EPS of $0.35, beating the consensus estimate of $0.33 (+6.06%). Six-month EPS was $0.60. Quarterly sales were $19.199M, exceeding the $19.000M consensus (+1.05%).

**Investment Update:** The company invested $22.2M in capital projects.

**Direction:** Bullish (Evidence: EPS and revenue beats).

**Net Tilt:** Bullish."
2025-08-13,5,"**Analyst Ratings:** Zen downgraded YORW from ""hold"" to ""sell"" (bearish).

**Ownership Changes:** 
- Llc increased stake by 12,413.5% in Q1 (bullish).
- Two Sigma Investments LP increased stake by 22.4% in Q4 (bullish).

**Earnings Announcement:** YORW released Q2 earnings on Aug 12 (neutral).

**Net Tilt:** Mixed signals with significant institutional buying but a notable sell rating."
2025-08-26,1,"York Water Company (YORW) appointed William T. Yanavitch II as a new independent director, a neutral event. No specific financial metrics or analyst actions were mentioned. This appointment could potentially bring fresh perspectives and governance improvements but lacks immediate financial impact signals. **Net Direction: Neutral**."
2025-09-01,1,"York Water (NASDAQ:YORW) announced a dividend payment of $0.2192 per share, effective for the next distribution period. This move is **bullish** as it indicates financial stability and shareholder-friendly policies, potentially attracting income-focused investors. However, the dividend amount remains relatively modest, which may not significantly impact short-term stock performance. **Net Tilt:** Bullish due to positive sentiment but limited immediate financial impact."
2025-09-29,1,"**Executive Appointment:** York Water Company appointed Matthew J. Scarpato as Chief Operating Officer effective October 1, 2025. **Direction:** Bullish. Evidence: New leadership can drive operational efficiencies and strategic initiatives, potentially boosting performance.

**Net Tilt:** Bullish."
2025-10-30,1,"**Board Member Retirement:** Bearish. Michael W. Gang, a long-standing director with 29 years at York Water Company (YORW), has retired. This could lead to a period of transition and uncertainty within the board, potentially affecting strategic decisions and investor confidence.

No other trading-relevant signals provided. Net tilt: **Bearish**."
2025-11-01,4,"**Analyst Downgrade:** Wall Street Zen downgraded YORW to ""Sell,"" citing concerns (bearish).

**Ownership Increase:** Llc increased holdings by 32.2% in Q1, indicating institutional support (bullish).

**Earnings Estimate:** Analysts forecast EPS of $1.43 for FY (neutral).

**Net Tilt:** Mixed signals with analyst downgrade vs. ownership increase; overall slightly bearish due to recent downgrade."
2025-11-06,7,"**Earnings:** YORW reported Q3 EPS of $0.43, beating estimates of $0.38 (+13.16%). **Bullish**.

**Revenue:** Revenue came in at $20.361M, missing estimates of $21.000M (-3.04%). **Bearish**.

**Capital Investment:** Invested $37.1M in capital projects. **Neutral** to **Bullish** depending on project impact.

**Net Tilt:** Mixed signals with EPS beat and revenue miss. **Net Neutral** but slightly **Bullish** due to earnings outperformance."
2025-11-25,1,"York Water (YORW) raised its dividend to $0.62 per share, indicating financial stability and confidence in future earnings. This move is **bullish** as it suggests strong cash flow and a commitment to shareholder returns. However, no other significant financial metrics or analyst actions were reported today, leaving the overall trading signal focused on the dividend increase. 

NET TILT: Bullish."
2025-12-15,3,"**Dividends:** Bullish. York Water has raised its dividend for 13 consecutive years, with the latest quarterly dividend set at $0.228 per share, declared in November 2025. The company paid out $12.09 million in dividends in 2024, indicating strong cash flow and commitment to shareholder returns."
